{
    "ch31": 50.0,
    "ch45": 50.0,
    "ch35": 29.97002997002997,
    "ch44": 50.0,
    "ch15": 29.97002997002997,
    "ch28": 29.97002997002997,
    "ch43": 50.0,
    "ch09": 50.0,
    "ch11": 29.97002997002997,
    "ch16": 50.0,
    "ch42": 50.0,
    "ch41": 50.0,
    "ch13": 24.0,
    "ch32": 29.97002997002997,
    "ch30": 29.97002997002997,
    "ch07": 50.0,
    "ch21": 29.97002997002997,
    "ch38": 29.97002997002997,
    "ch18": 50.0,
    "ch24": 50.0,
    "ch14": 50.0,
    "ch34": 29.97002997002997,
    "ch22": 29.97002997002997,
    "ch40": 50.0,
    "ch25": 29.97002997002997,
    "ch17": 50.0,
    "ch36": 29.97002997002997,
    "ch19": 29.97002997002997,
    "ch29": 29.97002997002997,
    "ch20": 50.0,
    "ch23": 29.97002997002997,
    "ch27": 50.0,
    "ch37": 29.97002997002997,
    "ch26": 29.97002997002997,
    "ch39": 50.0,
    "ch12": 24.0,
    "ch08": 50.0,
    "ch33": 50.0
}